codepen.io,20,A,2,2,45,104.16.163.32;104.16.147.32
colab.research.google.com,18,A,4,15,88.8889,216.239.36.180;216.239.34.180;216.239.32.180;216.239.38.180
diagrams.net,20,A,2,2,50,104.18.5.247;104.18.4.247
domain,trials,record_type,unique_ip_count,unique_sequences,changed_in_pct,all_ips
github.com,20,A,1,1,0,20.27.177.113
kaggle.com,20,A,1,1,0,35.244.233.98
overleaf.com,20,A,1,1,0,34.120.52.64
regex101.com,20,A,1,1,0,78.47.220.195
scholar.google.com,20,A,1,1,0,142.250.66.68
stackoverflow.com,20,A,2,2,65,104.18.32.7;172.64.155.249
